Object,Attribute,Type,Required,Size,Pattern,Example,Description,Constraints
ActiveReeferSettings,airExchangeSetpoint,number,,,,15.4,"Target value for the air exchange rate which is the rate at which outdoor air replaces indoor air within a Reefer container",
ActiveReeferSettings,airExchangeUnit,string,,maxLength=10,,MQH,"The unit for `airExchange` in metrics- or imperial- units per hour
- `MQH` (Cubic metre per hour)
- `FQH` (Cubic foot per hour)",
ActiveReeferSettings,co2Setpoint,number,,,,25,"The percentage of the controlled atmosphere CO<sub>2</sub> target value",
ActiveReeferSettings,humiditySetpoint,number,,,,95.6,"The percentage of the controlled atmosphere humidity target value",
ActiveReeferSettings,isBulbMode,boolean,,,,true,"Is special container setting for handling flower bulbs active",
ActiveReeferSettings,isColdTreatmentRequired,boolean,,,,true,"Indicator whether cargo requires cold treatment prior to loading at origin or during transit, but prior arrival at POD",
ActiveReeferSettings,"isControlledAtmosphereRequired",boolean,,,,true,"Indicator of whether cargo requires Controlled Atmosphere.",
ActiveReeferSettings,isDrainholesOpen,boolean,,,,true,"Is drain holes open on the container",
ActiveReeferSettings,isVentilationOpen,boolean,,,,true,"If `true` the ventilation orifice is `Open` - if `false` the ventilation orifice is `closed`",
ActiveReeferSettings,o2Setpoint,number,,,,25,"The percentage of the controlled atmosphere O<sub>2</sub> target value",
ActiveReeferSettings,temperatureSetpoint,number,,,,-15,"Target value of the temperature for the Reefer based on the cargo requirement.",
ActiveReeferSettings,temperatureUnit,string,,maxLength=10,,CEL,"The unit for temperature in Celsius or Fahrenheit

- `CEL` (Celsius)
- `FAH` (Fahrenheit)",
Address,city,string,,maxLength=35,,Amsterdam,"The name of the city.",
Address,countryCode,string,,maxLength=2,,NL,"The 2 characters for the country code using [ISO 3166-1 alpha-2](https://www.iso.org/obp/ui/#iso:pub:PUB500001:en)",
Address,floor,string,,maxLength=50,,N/A,"The floor of the street number.",
Address,POBox,string,,maxLength=20,,123,"A numbered box at a post office where a person or business can have mail or parcels delivered.",
Address,postCode,string,,maxLength=10,,"1047 HM","The post code of the address.",
Address,stateRegion,string,,maxLength=65,,"North Holland","The name of the state/region.",
Address,street,string,,maxLength=70,,Ruijggoordweg,"The name of the street.",
Address,streetNumber,string,,maxLength=50,,100,"The number of the street.",
ArrivalNotice,additionalInformation,string,,maxLength=5000,,"Valid port entry pass required for drivers. Ensure vehicle registration is pre-submitted to port security.","Free text field to provide additional required information for the consignee to prepare for the shipment arrival,
e.g. additional required documents to prepare and present for shipment release - country specific.",
ArrivalNotice,"arrivalNoticeVisualization",EmbeddedDocument,,,,,"Visualization of an arrival notice, as an embedded document",
ArrivalNotice,"cargoMovementTypeAtDestination",string,,maxLength=3,,FCL,"Refers to the shipment term at the **unloading** of the cargo out of the container. Possible values are:

- `FCL` (Full Container Load)
- `LCL` (Less than Container Load)",
ArrivalNotice,carrierClauses,"string list",,maxLength=20000,,,"Additional clauses for a specific shipment added by the carrier to the Bill of Lading, subject to local rules / guidelines or certain mandatory information required to be shared with the customer.
Item description:
The content of the clause.",
ArrivalNotice,carrierCode,string,,maxLength=4,,MMCU,"The `SCAC` code (provided by [NMFTA](https://nmfta.org/scac/)) or `SMDG` code (provided by
[SMDG](https://smdg.org/documents/smdg-code-lists/smdg-liner-code-list/)) of the issuing carrier of the Arrival Notice.

`carrierCodeListProvider` defines which list the `carrierCode` is based upon.",
ArrivalNotice,carrierCodeListProvider,string,,maxLength=10,,NMFTA,"The code list provider for the `carrierCode`. Possible values are:
- `SMDG` (Ship Message Design Group)
- `NMFTA` (National Motor Freight Traffic Association)",
ArrivalNotice,"carrierContactInformation","PartyContactDetail list",,,,,"The party to contact for any inquiries related to this Arrival Notice.",
ArrivalNotice,charges,"Charge list",,,,,"A list of `Charges`",
ArrivalNotice,consignmentItems,"ConsignmentItem list",,,,,"A list of `ConsignmentItems`",
ArrivalNotice,customsClearance,CustomsClearance,,,,,"Customs clearance information",
ArrivalNotice,"deliveryTypeAtDestination",string,,maxLength=3,,CY,"Indicates the type of service offered at `Destination`. The options are:

- `CY` (Container yard (incl. rail ramp))
- `SD` (Store Door)
- `CFS` (Container Freight Station)",
ArrivalNotice,documentParties,"DocumentParty list",,,,,"Document parties.

Note that while parties can generally appear in any order, including `N1` (First Notify Party)
and `N2` (Second Notify Party), the order of parties of type `NI` (Other Notify Party) is relevant,
as it determines which of these parties is considered the third, fourth, fifth (and so on) notify party.",
ArrivalNotice,freeTimes,"FreeTime list",,,,,"List of free time conditions applicable to this shipment at destination",
ArrivalNotice,freightPaymentStatus,string,,maxLength=50,,FULLY_PAID,"Payment status of the collect freight charges.

- `ZERO_PAID` - Zero Paid
- `PARTIALLY_PAID` - Partially Paid
- `FULLY_PAID` - Fully Paid
- `OVERPAID` - Overpaid",
ArrivalNotice,"houseBillOfLadingReferences","string list",,maxLength=20,,,"List of House Bill of Lading references
Item description:
Unique number allocated by the Ocean Transport Intermediary (OTI) to the House Bill of Lading.
",
ArrivalNotice,isElectronic,boolean,,,,true,"An indicator whether the transport document is electronically transferred.",
ArrivalNotice,issueDateTime,"string(date-time)",yes,maxLength=30,,2025-01-23T01:23:45Z,"The date and time when the Arrival Notice was issued.",
ArrivalNotice,paymentRemittance,PaymentRemittance,,,,,"Bank account information provided by the carrier for customers to make payments of the outstanding charges",
ArrivalNotice,pickupInformation,PickupInformation,,,,,"Consolidates the information required to pick up the container.",
ArrivalNotice,references,"Reference list",,,,,"References used by the customer or carrier to identify or track the shipment.",
ArrivalNotice,releaseInformation,ReleaseInformation,,,,,"Compiles the information relevant to shipment release.",
ArrivalNotice,returnInformation,ReturnInformation,,,,,"Groups the information regarding empty-equipment return.",
ArrivalNotice,serviceContractReference,string,,maxLength=30,,HHL51800000,"Reference number for agreement between shipper and carrier, which optionally includes a certain minimum quantity commitment (usually referred as “MQC”) of cargo that the shipper commits to over a fixed period, and the carrier commits to a certain rate or rate schedule.",
ArrivalNotice,termsAndConditions,string,,maxLength=50000,,,"Carrier terms and conditions for the Arrival Notice.",
ArrivalNotice,transport,Transport,,,,,"Transport details relevant to the arrival notice.",
ArrivalNotice,"transportDocumentReference",string,yes,maxLength=20,,HHL71800000,"A unique number allocated by the shipping line to the transport document and the main number used for the tracking of the status of the shipment.",
ArrivalNotice,"transportDocumentTypeCode",string,,maxLength=10,,SWB,"Specifies the type of the transport document
- `BOL` (Bill of Lading)
- `SWB` (Sea Waybill)",
ArrivalNotice,typeLabel,string,,maxLength=1000,,"English, consignee, USD","Free-format identifier used to specify a certain type of arrival notice,
for example ""English, consignee, USD"" or ""No charges, French"".

Each publisher can choose their own criteria by which they categorize arrival notices,
as well as the format of this property. However, for each arrival notice publisher
the format must be consistent and predictable, in order to allow receivers
to programmatically determine whether each received arrival notice overrides
an earlier version of the arrival notice ""of the same type"" for the same transport document.

An arrival notice (including all its versions) is uniquely identified by the combination
of the `transportDocumentReference` and this `typeLabel`. Each version of an arrival notice
is uniquely identified by the combination of the `transportDocumentReference`, this `typeLabel`
and the `issueDateTime`.

Among the versions of arrival notices of the same type issued for the same transport document,
a version with a newer `issueDateTime` overrides a version with an older `issueDateTime`,
regardless of the `versionLabel` (which is a high-level label with business semantics
and may or may not change between timestamped versions).",
ArrivalNotice,"utilizedTransportEquipments","UtilizedTransportEquipment list",,,,,"The equipments being used.",
ArrivalNotice,versionLabel,string,,maxLength=1000,,Warning,"Free text used to indicate a certain version of an arrival notice of a certain type,
for example ""Warning"", ""Updated"", ""Second"", ""Third"" etc.

This is a high-level label with business semantics that does not influence the technical versioning
of arrival notices of the same `typeLabel` issued for the same `transportDocumentReference`,
which relies on the `issueDateTime` instead.",
"ArrivalNoticeNotification",equipmentReferences,"string list",,maxLength=11,,,"References of the equipments for which this arrival notice was created
Item description:
The unique identifier for the equipment, which should follow the BIC ISO Container Identification Number where possible.

According to ISO 6346, a container identification code consists of a 4-letter prefix and a 7-digit number
(composed of a 3-letter owner code, a category identifier, a serial number, and a check-digit).

If a container does not comply with ISO 6346, it is suggested to follow
[Recommendation #2: Containers with non-ISO identification](https://smdg.org/documents/smdg-recommendations)
from SMDG.
",
"ArrivalNoticeNotification",issueDateTime,"string(date-time)",yes,maxLength=30,,2025-01-23T01:23:45Z,"The date and time when the Arrival Notice was issued.",
"ArrivalNoticeNotification",placeOfDelivery,Location,,,,,"The location where the cargo is handed over by the shipping line to the consignee or its agent and where the
responsibility of the shipping line ceases",
"ArrivalNoticeNotification","placeOfDeliveryArrivalDate",ClassifiedDate,,,,,"The date of arrival of the shipment at Place of Delivery.",
"ArrivalNoticeNotification",portOfDischarge,Location,,,,,"The location where the cargo is discharged from the last sea-going vessel",
"ArrivalNoticeNotification","portOfDischargeArrivalDate",ClassifiedDate,,,,,"The date of arrival of the vessel at the Port of Discharge.",
"ArrivalNoticeNotification","transportDocumentReference",string,yes,maxLength=20,,HHL71800000,"The reference of the transport document for which this arrival notice was created",
"ArrivalNoticeNotification",typeLabel,string,,maxLength=1000,,"English, consignee, USD","Free-format identifier used to specify a certain type of arrival notice,
for example ""English, consignee, USD"" or ""No charges, French"".

Each publisher can choose their own criteria by which they categorize arrival notices,
as well as the format of this property. However, for each arrival notice publisher
the format must be consistent and predictable, in order to allow receivers
to programmatically determine whether each received arrival notice overrides
an earlier version of the arrival notice ""of the same type"" for the same transport document.

An arrival notice (including all its versions) is uniquely identified by the combination
of the `transportDocumentReference` and this `typeLabel`. Each version of an arrival notice
is uniquely identified by the combination of the `transportDocumentReference`, this `typeLabel`
and the `issueDateTime`.

Among the versions of arrival notices of the same type issued for the same transport document,
a version with a newer `issueDateTime` overrides a version with an older `issueDateTime`,
regardless of the `versionLabel` (which is a high-level label with business semantics
and may or may not change between timestamped versions).",
"ArrivalNoticeNotification",versionLabel,string,,maxLength=1000,,Warning,"Free text used to indicate a certain version of an arrival notice of a certain type,
for example ""Warning"", ""Updated"", ""Second"", ""Third"" etc.

This is a high-level label with business semantics that does not influence the technical versioning
of arrival notices of the same `typeLabel` issued for the same `transportDocumentReference`,
which relies on the `issueDateTime` instead.",
CargoItem,cargoGrossVolume,Volume,,,,,"Gross volume of the cargo item, calculated by multiplying the width, height, and length of the packaged cargo.",
CargoItem,cargoGrossWeight,Weight,,,,,"Gross weight of the cargo item including packaging being carried in the container.
Excludes the tare weight of the container.",
CargoItem,cargoNetVolume,Volume,,,,,"Net volume of the cargo item, calculated by multiplying the width, height, and length of the cargo, excluding packaging.",
CargoItem,cargoNetWeight,Weight,,,,,"Net weight of the cargo item, excluding packaging and excluding the tare weight of the container.",
CargoItem,charges,"Charge list",,,,,"A list of `Charges`",
CargoItem,customsReferences,"CustomsReference list",,,,,"A list of `Customs references`",
CargoItem,equipmentReference,string,,maxLength=11,,APZU4812090,"The unique identifier for the equipment, which should follow the BIC ISO Container Identification Number where possible.
According to [ISO 6346](https://www.iso.org/standard/83558.html), a container identification code consists of a 4-letter prefix and a 7-digit number (composed of a 3-letter owner code, a category identifier, a serial number, and a check-digit).

If a container does not comply with [ISO 6346](https://www.iso.org/standard/83558.html), it is suggested to follow [Recommendation #2: Containers with non-ISO identification](https://smdg.org/documents/smdg-recommendations) from SMDG.",
CargoItem,exportLicense,ExportLicense,,,,,"Export license applicable to this cargo item.",
CargoItem,importLicense,ImportLicense,,,,,"Import license applicable to this cargo item.",
CargoItem,nationalCommodityCodes,"NationalCommodityCode list",,,,,"A list of `National Commodity Codes` that apply to this `cargoItem`",
CargoItem,outerPackaging,OuterPackaging,,,,,"Packaging information for this cargo item.",
CargoItem,position,integer,,,,12,"The order in which the carrier submitted the pre-announcement to the customs authority (which may vary by country) is,
in some cases, the same order the consignee must follow for the final customs release.",
Charge,calculationBasis,string,,maxLength=50,,"Per day","The code specifying the measure unit used for the corresponding unit price for this cost, such as per day, per ton, per square metre.",
Charge,carrierRateOfExchange,string,,maxLength=50,,"1.00 Euro = 1.17801 US Dollars","The quotation of the relative value of a currency unit against the unit of another currency
in the foreign exchange market applicable to this charge item.
The currency exchange specified here refers to the exchange rate between the payment currency
and the charge currency, in an unspecified order.

The Carrier Rate of Exchange applicability is defined based on the local jurisdiction.
If not provided, the customer should refer to the ROE available on the carrier website
or the ROE defined by the competent customs authority, as per local practice.

The publisher must clearly indicate in its API documentation whether the specified rate corresponds
to a vessel rate of exchange or a daily rate of exchange.",
Charge,chargeCode,string,,maxLength=50,,FRT00,"Code associated with the charge",
Charge,chargeName,string,,maxLength=50,,"Documentation fee - Destination","Free text field describing the charge to apply",
Charge,currencyAmount,number,,,,1012.12,"The monetary value of all freight and other service charges for a transport document, with a maximum of 2-digit decimals.",
Charge,currencyCode,string,,maxLength=3,,DKK,"The currency for the charge, using a 3-character code ([ISO 4217](https://www.iso.org/iso-4217-currency-codes.html)).",
Charge,invoicePayerCode,string,,maxLength=50,,2066095,"Code used to identify the party responsible for the payment",
Charge,paymentCurrency,string,,maxLength=3,,EUR,"Currency code as defined by ([ISO 4217](https://www.iso.org/iso-4217-currency-codes.html)).",
Charge,paymentLocation,Location,,,,,"Payment location",
Charge,paymentTermCode,string,,maxLength=10,,PRE,"An indicator of whether a charge is prepaid (PRE) or collect (COL). When prepaid, the charge is the responsibility of the shipper or the Invoice payer on behalf of the shipper (if provided). When collect, the charge is the responsibility of the consignee or the Invoice payer on behalf of the consignee (if provided).

- `PRE` (Prepaid)
- `COL` (Collect)",
Charge,quantity,number,,,,34.4,"The amount of unit for this charge item.",
Charge,unitPrice,number,,,,3456.6,"The unit price of this charge item in the currency of the charge.",
ClassifiedDate,classifier,string,,maxLength=10,,EST,"Classifier denoting whether an event is planned, estimated or actual
- `PLN` - Planned
- `EST` - Estimated
- `ACT` - Actual",
ClassifiedDate,value,"string(date)",,,,2025-01-23,"String representation of a date in yyyy-MM-dd format.
Unless otherwise specified, it is a local date in the time zone of the implicitly associated event location.",
ClassifiedDateTime,classifier,string,,maxLength=10,,EST,"Classifier denoting whether an event is planned, estimated or actual
- `PLN` - Planned
- `EST` - Estimated
- `ACT` - Actual",
ClassifiedDateTime,value,"string(date-time)",,maxLength=30,,2025-01-23T01:23:45Z,"Timestamp representation [in RFC 3339 format](https://swagger.io/docs/specification/v3_0/data-models/data-types/#strings)",
ConsignmentItem,cargoItems,"CargoItem list",,,,,"A list of all `cargoItems`",
ConsignmentItem,carrierBookingReference,string,,maxLength=35,,ABC709951,"The associated booking number provided by the carrier for this `Consignment Item`.",
ConsignmentItem,customsReferences,"CustomsReference list",,,,,"A list of `Customs references`",
ConsignmentItem,descriptionOfGoods,"string list",,maxLength=35,,,"A plain language description that is precise enough for Customs services to be able to identify the goods. General terms (i.e. 'consolidated', 'general cargo' 'parts' or 'freight of all kinds') or not sufficiently precise description cannot be accepted.
Item description:
A line describing the cargo",
ConsignmentItem,exportLicense,ExportLicense,,,,,"Export license for the consignment item.",
ConsignmentItem,HSCodes,"string list",,maxLength=10,,,"A list of `HS Codes` that apply to this `consignmentItem`.
HS codes are used by customs to classify the product being shipped.
The code must be at least 6 and at most 10 digits.
Item description:
Used by customs to classify the product being shipped. The type of HS code depends on country and customs requirements. The code must be at least 6 and at most 10 digits.

More information can be found here: [HS Nomenclature](https://www.wcoomd.org/en/topics/nomenclature/instrument-and-tools).
",
ConsignmentItem,importLicense,ImportLicense,,,,,"Import license for the consignment item.",
ConsignmentItem,nationalCommodityCodes,"NationalCommodityCode list",,,,,"A list of `National Commodity Codes` that apply to this `commodity`",
ConsignmentItem,references,"ReferenceConsignmentItem list",,,,,"A list of `References`",
ConsignmentItem,shippingMarks,"string list",,"maxItems=50
maxLength=35",,,"A list of the `ShippingMarks` applicable to this `consignmentItem`
Item description:
The identifying details of a package or the actual markings that appear on the package(s). This information is provided by the customer.
",
CustomsClearance,customsClearancePoint,Location,,,,,"The location where customs clearance occurs.",
CustomsClearance,"customsImportDeclarationProcedure",string,,maxLength=1000,,,"Instructions on the administrative processes for submitting import customs declarations to the local agency.",
CustomsClearance,"immediateTransportationEntry","ImmediateTransportationEntry",,,,,"An Immediate Transportation (IT) entry is a U.S. Customs and Border Protection (CBP) mechanism
that allows imported cargo to be moved from the first port of arrival in the U.S.
to another port or bonded facility without being physically cleared by CBP at the first port.",
CustomsClearance,manifestReferenceNumber,string,,maxLength=35,,24NDMUA430I,"Manifest reference number for manifest declaration and customs clearance in Korea.",
CustomsClearance,masterSequenceNumber,string,,maxLength=35,,23,"A unique sequential number assigned by the shipping line to each Master Bill of Lading issued under a specific voyage of
a particular vessel. Customers use this Master Sequence Number (MSN) as a reference when declaring all related House B/Ls.",
CustomsReference,countryCode,string,,maxLength=2,,NL,"The 2 characters for the country code using [ISO 3166-1 alpha-2](https://www.iso.org/obp/ui/#iso:pub:PUB500001:en)",
CustomsReference,type,string,,maxLength=50,,CUS,"The reference type code as defined in the relevant customs jurisdiction.",
CustomsReference,values,"string list",,maxLength=35,,,"
Item description:
The value of the `customsReference`",
DangerousGoods,codedVariantList,string,,maxLength=4,,2200,"Four-character code supplied by Exis Technologies that assists to remove ambiguities when identifying a variant within a single UN number or NA number that may occur when two companies exchange DG information.

Character | Valid Characters | Description
:--------:|------------------|------------
1| 0, 1, 2, 3|The packing group. Code 0 indicates there is no packing group
2|0 to 9 and A to Z|A sequence letter for the PSN, or 0 if there were no alternative PSNs
3 and 4|0 to 9 and A to Z|Two sequence letters for other information, for the cases where the variant is required because of different in subrisks, packing instruction etc.",
DangerousGoods,"competentAuthorityApproval",string,,maxLength=70,,"{Name and reference...}","Name and reference number of the competent authority providing the approval.",
DangerousGoods,emergencyContactDetails,EmergencyContactDetails,,,,,"24 hr emergency contact details",
DangerousGoods,EMSNumber,string,,maxLength=7,,"F-A S-Q","The emergency schedule identified in the IMO EmS Guide – Emergency Response Procedures for Ships Carrying Dangerous Goods. Comprises 2 values; 1 for spillage and 1 for fire. Possible values spillage: S-A to S-Z. Possible values fire: F-A to F-Z.",
DangerousGoods,endOfHoldingTime,"string(date)",,,,2021-09-03,"Date by when the refrigerated liquid needs to be delivered.",
DangerousGoods,fumigationDateTime,"string(date-time)",,,,2024-09-04T09:41Z,"Date & time when the container was fumigated",
DangerousGoods,grossWeight,Weight,,,,,"Total weight of the goods carried, including packaging.",
DangerousGoods,IMOClass,string,,maxLength=4,,1.4S,"The hazard class code of the referenced dangerous goods according to the specified regulation. Examples of possible values are:

- `1.1A` (Substances and articles which have a mass explosion hazard)
- `1.6N` (Extremely insensitive articles which do not have a mass explosion hazard)
- `2.1` (Flammable gases)
- `8` (Corrosive substances)",
DangerousGoods,inhalationZone,string,,maxLength=1,,A,"The zone classification of the toxicity of the inhalant. Possible values are:

- `A` (Hazard Zone A) can be assigned to specific gases and liquids
- `B` (Hazard Zone B) can be assigned to specific gases and liquids
- `C` (Hazard Zone C) can **only** be assigned to specific gases
- `D` (Hazard Zone D) can **only** be assigned to specific gases",
DangerousGoods,innerPackagings,"InnerPackaging list",,,,,"A list of `Inner Packings` contained inside this `outer packaging/overpack`.",
DangerousGoods,"isCompetentAuthorityApprovalRequired",boolean,,,,false,"Indicates if the cargo require approval from authorities",
DangerousGoods,isEmptyUncleanedResidue,boolean,,,,false,"Indicates if the cargo is residue.",
DangerousGoods,isExceptedQuantity,boolean,,,,false,"Indicates if the dangerous goods can be transported as excepted quantity in accordance with Chapter 3.5 of the IMO IMDG Code.",
DangerousGoods,isHot,boolean,,,,false,"Indicates if high temperature cargo is shipped.",
DangerousGoods,isLimitedQuantity,boolean,,,,false,"Indicates if the dangerous goods can be transported as limited quantity in accordance with Chapter 3.4 of the IMO IMDG Code.",
DangerousGoods,isMarinePollutant,boolean,,,,false,"Indicates if the goods belong to the classification of Marine Pollutant.",
DangerousGoods,isReportableQuantity,boolean,,,,false,"Indicates if a container of hazardous material is at the reportable quantity level. If `true`, a report to the relevant authority must be made in case of spill.",
DangerousGoods,isSalvagePackings,boolean,,,,false,"Indicates if the cargo has special packaging for the transport, recovery or disposal of damaged, defective, leaking or nonconforming hazardous materials packages, or hazardous materials that have spilled or leaked.",
DangerousGoods,isWaste,boolean,,,,false,"Indicates if waste is being shipped",
DangerousGoods,limits,Limits,,,,,"Limits for the `Dangerous Goods`. The same `Temperature Unit` must apply to all attributes in this structure.",
DangerousGoods,NANumber,string,,maxLength=4,,9037,"Four-digit number that is assigned to dangerous, hazardous, and harmful substances by the United States Department of Transportation.",
DangerousGoods,netExplosiveContent,Weight,,,,,"The total weight of the explosive substances, without the packaging, casings, etc.",
DangerousGoods,netVolume,Volume,,,,,"The volume of the referenced dangerous goods. Only applicable to liquids and gas.",
DangerousGoods,netWeight,Weight,,,,,"Total weight of the goods carried, excluding packaging.",
DangerousGoods,packingGroup,integer,,,,3,"The packing group according to the UN Recommendations on the Transport of Dangerous Goods and IMO IMDG Code.",
DangerousGoods,properShippingName,string,,maxLength=250,,"Chromium Trioxide, anhydrous","The proper shipping name for goods under IMDG Code, or the product name for goods under IBC Code and IGC Code, or the bulk cargo shipping name for goods under IMSBC Code, or the name of oil for goods under Annex I to the MARPOL Convention.",
DangerousGoods,segregationGroups,"string list",,maxLength=2,,,"List of the segregation groups applicable to specific hazardous goods according to the IMO IMDG Code.
Item description:
Grouping of Dangerous Goods having certain similar chemical properties. Possible values are:

- `1` (Acids)
- `2` (Ammonium Compounds)
- `3` (Bromates)
- `4` (Chlorates)
- `5` (Chlorites)
- `6` (Cyanides)
- `7` (Heavy metals and their salts)
- `8` (Hypochlorites)
- `9` (Lead and its compounds)
- `10` (Liquid halogenated hydrocarbons)
- `11` (Mercury and mercury compounds)
- `12` (Nitrites and their mixtures)
- `13` (Perchlorates)
- `14` (Permanganates)
- `15` (Powdered metals)
- `16` (Peroxides),
- `17` (Azides)
- `18` (Alkalis)
",
DangerousGoods,subsidiaryRisk1,string,,maxLength=3,,1.2,"Any risk in addition to the class of the referenced dangerous goods according to the IMO IMDG Code.",
DangerousGoods,subsidiaryRisk2,string,,maxLength=3,,1.2,"Any risk in addition to the class of the referenced dangerous goods according to the IMO IMDG Code.",
DangerousGoods,technicalName,string,,maxLength=250,,"xylene and benzene","The recognized chemical or biological name or other name currently used for the referenced dangerous goods as described in chapter 3.1.2.8 of the IMDG Code.",
DangerousGoods,UNNumber,string,,maxLength=4,,1463,"United Nations Dangerous Goods Identifier (UNDG) assigned by the UN Sub-Committee of Experts on the Transport of Dangerous Goods and shown in the IMO IMDG.",
DocumentParty,address,Address,,,,,"Party  address",
DocumentParty,identifyingCodes,"IdentifyingCode list",,,,,"List of codes identifying the party",
DocumentParty,partyContactDetails,"PartyContactDetail list",,,,,"Party contact details",
DocumentParty,partyFunction,string,,maxLength=3,,N1,"Specifies the role of the party in a given context. Possible values are:

- `OS` (Shipper)
- `CN` (Consignee)
- `END` (Endorsee)
- `RW` (Issuing Party)
- `CG` (Carrier's Agent at Destination)
- `N1` (First Notify Party)
- `N2` (Second Notify Party)
- `NI` (Other Notify Party)
- `SCO` (Service Contract Owner)
- `DDR` (Consignor's freight forwarder)
- `DDS` (Consignee's freight forwarder)
- `COW` (Invoice payer on behalf of the consignor (shipper))
- `COX` (Invoice payer on behalf of the consignee)
- `CS` (Consolidator)
- `MF` (Manufacturer)
- `WH` (Warehouse Keeper)",
DocumentParty,partyName,string,,maxLength=70,,"Acme Inc.","Party name",
DocumentParty,purchaseOrderReferences,"string list",,maxLength=35,,,"A list of `Purchase Order Reference`s linked to the document party.
Item description:
Purchase order reference",
DocumentParty,reference,string,,maxLength=35,,REF1234,"A reference linked to the document party.",
DocumentParty,taxLegalReferences,"TaxLegalReference list",,,,,"List of tax or legal references relevant to the party",
EmbeddedDocument,content,string,,,,RXhhbXBsZSBBTiBjb250ZW50,"Base64 representation of the binary document content",
EmbeddedDocument,contentType,string,,maxLength=255,,application/msword,"Content type of document",
EmbeddedDocument,name,string,,maxLength=255,,"20250123 AN XYZ01234.docx","Document name",
EmergencyContactDetails,contact,string,,maxLength=255,,"Jane Doe","Name of the contact person during an emergency.",
EmergencyContactDetails,phone,string,,maxLength=30,,"+14155552671","Phone number for the contact, including an international phone number format
as defined in the [ITU-T recommendation E.123](https://www.itu.int/rec/T-REC-E.123/en).",
EmergencyContactDetails,provider,string,,maxLength=255,,"ACME Inc","Name of the third party vendor providing emergency support",
EmergencyContactDetails,referenceNumber,string,,maxLength=255,,12234,"Contract reference for the emergency support provided by an external third party vendor.",
Equipment,equipmentReference,string,,maxLength=11,,APZU4812090,"The unique identifier for the equipment, which should follow the BIC ISO Container Identification Number where possible.
According to [ISO 6346](https://www.iso.org/standard/83558.html), a container identification code consists of a 4-letter prefix and a 7-digit number (composed of a 3-letter owner code, a category identifier, a serial number, and a check-digit).

If a container does not comply with [ISO 6346](https://www.iso.org/standard/83558.html), it is suggested to follow [Recommendation #2: Containers with non-ISO identification](https://smdg.org/documents/smdg-recommendations) from SMDG.",
Equipment,ISOEquipmentCode,string,,maxLength=4,,22G1,"Unique code for the different equipment size and type used to transport commodities. The code can refer to one of ISO size type (e.g. 22G1) or ISO type group (e.g. 22GP) following the [ISO 6346](https://www.iso.org/standard/83558.html) standard.",
Equipment,tareWeight,Weight,,,,,"The tare weight of the container.",
ExportLicense,expiryDate,"string(date)",,,,2024-09-21,"Expiry date of the `Export License`.",
ExportLicense,isRequired,boolean,,,,true,"Information provided by the shipper to indicate whether an `Export License` or permit is required for this shipment/commodity/destination.

**Note:** If this property is omitted, it may be interpreted differently by different API providers and by the same API provider in different contexts.",
ExportLicense,issueDate,"string(date)",,,,2024-09-14,"Issue date of the `Export License`.",
ExportLicense,reference,string,,maxLength=35,,EMC007123,"Reference number assigned to an `Export License` or permit, which authorizes a business or individual to export specific goods to specific countries under defined conditions. It is a permit that is required when shipping certain restricted or controlled goods, such as military equipment, high-tech items, chemicals, or items subject to international regulations. The `Export License` must be valid at time of departure.",
Facility,facilityCode,string,,maxLength=6,,ADT,"Code identifying a specific facility, as defined by the `facilityCodeListProvider`.",
Facility,facilityCodeListProvider,string,,maxLength=10,,SMDG,"Code list provider (each with its relevant code list) defining the `facilityCode`:
- `SMDG` (using [SMDG Terminal Code List](https://smdg.org/documents/smdg-code-lists/smdg-terminal-code-list/))
- `BIC` (using [BIC Facility Codes](https://www.bic-code.org/facility-codes/))",
FeedbackElement,message,string,,maxLength=5000,,"The facility SMDG code does not match the location UN/LOCODE","Human readable feedback message that can be programmatically relayed
to a user of the arrival notice publishing organization",
FeedbackElement,propertyPath,string,,maxLength=1000,,"$.arrivalNotices[2].pickupInformation.pickupLocation","[JSONPath](https://github.com/json-path/JsonPath) within the request message of the specific property
about which the feedback is provided (if applicable)",
FeedbackElement,severity,string,,maxLength=50,,ERROR,"Code denoting the severity of a `FeedbackElement`

- `ERROR` - Error that fully or partially prevents the correct processing of the request
- `WARN` - Warning about the request being processed in a potentially unexpected way
- `INFO` - Informational message about how the request is processed",
FreeTime,calculationBasis,string,,maxLength=1000,,"Calculated as...","Description of the conditions under which this free time item applies.
It can include references to the carrier website or individual charges as per service contract/agreement.",
FreeTime,duration,integer,,,,5,"The duration expressed in `timeUnit`s for which this free time item applies.",
FreeTime,equipmentReferences,"string list",,maxLength=11,,,"References of the equipments for which this free time applies
Item description:
The unique identifier for the equipment, which should follow the BIC ISO Container Identification Number where possible.

According to ISO 6346, a container identification code consists of a 4-letter prefix and a 7-digit number
(composed of a 3-letter owner code, a category identifier, a serial number, and a check-digit).

If a container does not comply with ISO 6346, it is suggested to follow
[Recommendation #2: Containers with non-ISO identification](https://smdg.org/documents/smdg-recommendations)
from SMDG.
",
FreeTime,ISOEquipmentCodes,"string list",,maxLength=4,,,"Equipment type codes for which this free time applies
Item description:
Unique code identifying the equipment size and type used to transport commodities.
The code can refer to either the ISO size type (e.g. 22G1) or the ISO type group (e.g. 22GP)
following the [ISO 6346](https://en.wikipedia.org/wiki/ISO_6346) standard.
",
FreeTime,lastFreeDate,ClassifiedDate,,,,,"The final date when the container(s) can be collected without incurring charges.",
FreeTime,lastFreeDateTime,ClassifiedDateTime,,,,,"The final date and time when the container(s) can be collected without incurring charges.",
FreeTime,timeUnit,string,,maxLength=3,,WD,"Code identifying the unit in which free time is expressed
- `CD` - Calendar days
- `WD` - Working days
- `HR` - Hours",
FreeTime,typeCodes,"string list",,maxLength=10,,,"One or more types applicable to this free time condition.
Item description:
Code used to denote the type of free time.
- `DEM` - Demurrage
- `DET` - Detention (in certain regions, particularly in the US, this is commonly referred to as 'Per Diem')
- `STO` - Storage",
GeoCoordinate,latitude,string,,maxLength=10,,48.85855,"Geographic coordinate that specifies the north–south position of a point on the Earth's surface.",
GeoCoordinate,longitude,string,,maxLength=11,,2.294492036,"Geographic coordinate that specifies the east–west position of a point on the Earth's surface.",
GetArrivalNoticesError,feedbackElements,"FeedbackElement list",,,,,"Feedback elements indicating why the request could not be processed.

At least one feedback element of severity `ERROR` is expected.
Lower severity feedback elements may also be included.",
"GetArrivalNoticesResponse",arrivalNotices,"ArrivalNotice list",,,,,"The list of arrival notices matching the filter specified by the request query parameters",
"GetArrivalNoticesResponse",feedbackElements,"FeedbackElement list",,,,,"Optional list of feedback elements indicating how the request was processed",
IdentifyingCode,codeListName,string,,maxLength=100,,DID,"The name of the code list, code generation mechanism or code authority for the `partyCode`. Example values could be:
- `DID` (Decentralized Identifier) for `codeListProvider` `W3C`
- `LEI` (Legal Entity Identifier) for `codeListProvider` `GLEIF`
- `DUNS` (Data Universal Numbering System) for `codeListProvider` `DNB`",
IdentifyingCode,codeListProvider,string,,maxLength=100,,W3C,"A list of codes identifying a party. Possible values are:
- `WAVE` (Wave)
- `CARX` (CargoX)
- `IDT` (ICE Digital Trade)
- `BOLE` (Bolero)
- `IQAX` (IQAX)
- `SECR` (Secro)
- `TRGO` (TradeGO)
- `ETEU` (eTEU)
- `TRAC` (Enigio trace:original)
- `BRIT` (BRITC eBL)
- `COVA` (Covantis)
- `ETIT` (e-title)
- `KTNE` (KTNET)
- `CRED` (Credore)
- `BLOC` (BlockPeer Technologies)
- `GSBN` (Global Shipping Business Network)
- `WISE` (WiseTech)
- `GLEIF` (Global Legal Entity Identifier Foundation)
- `W3C` (World Wide Web Consortium)
- `DNB` (Dun and Bradstreet)
- `FMC` (Federal Maritime Commission)
- `DCSA` (Digital Container Shipping Association)
- `ZZZ` (Mutually defined)",
IdentifyingCode,partyCode,string,,maxLength=150,,MSK,"Code to identify the party as provided by the code list provider",
"ImmediateTransportationEntry",FIRMSCode,string,,maxLength=4,,B456,"The Facilities Information and Resources Management System (FIRMS) code is a unique four-digit alpha-numeric identifier
assigned by U.S. Customs and Border Protection (CBP) to facilities in the U.S. where imported goods are held or processed,
such as Container Freight Stations (CFS), bonded warehouses, intermodal rail ramps or temporary storage facilities near ports.
It tells CBP and freight systems where the cargo is physically located.",
"ImmediateTransportationEntry",ITDate,"string(date)",,,,2025-01-23,"The date the in-bond movement began, i.e., when the Immediate Transportation (IT) entry was filed and accepted
by U.S. Customs and Border Protection (CBP).",
"ImmediateTransportationEntry",ITNumber,string,,maxLength=100,,V4914303071,"The reference number of the bonded movement under a U.S. Customs and Border Protection (CBP) Immediate Transportation (IT) entry,
often assigned by the carrier or customs broker. It allows goods to be moved under bond from the Port of Discharge
to another inland port or bonded facility without paying duties at the first port. The IT number is used
for tracking the movement and verifying arrival at the inland port or bonded facility.",
ImportLicense,expiryDate,"string(date)",,,,2024-09-21,"Expiry date of the `Import License`.",
ImportLicense,isRequired,boolean,,,,true,"Information provided by the shipper to indicate whether an `Import License` or permit is required for this shipment/commodity/destination.

**Note:** If this property is omitted, it may be interpreted differently by different API providers and by the same API provider in different contexts.",
ImportLicense,issueDate,"string(date)",,,,2024-09-14,"Issue date of the `Import License`.",
ImportLicense,reference,string,,maxLength=35,,EMC007123,"Reference number assigned to an `Import License` or permit, issued by countries exercising import controls that authorizes the importation of the articles stated in the license. The `Import License` must be valid at time of arrival.",
InnerPackaging,description,string,,maxLength=100,,"Woven plastic water resistant Bag","Description of the packaging.",
InnerPackaging,material,string,,maxLength=100,,Plastic,"The `material` used for the `Inner Packaging` of the referenced `Dangerous Goods`.",
InnerPackaging,quantity,integer,,,,20,"Count of `Inner Packagings` of the referenced `Dangerous Goods`.",
Leg,arrivalDate,ClassifiedDate,,,,,"The arrival date at the discharge location for this specific leg of the transport plan.",
Leg,departureDate,ClassifiedDate,,,,,"The departure date from the load location for this specific leg of the transport plan.",
Leg,dischargeLocation,Location,,,,,"The location where the cargo is discharged for this specific leg of the transport plan.",
Leg,loadLocation,Location,,,,,"The location where the cargo is loaded for this specific leg of the transport plan.",
Leg,modeOfTransport,string,,maxLength=50,,VESSEL,"The mode of transport as defined by DCSA
- `VESSEL` - Vessel
- `RAIL` - Rail
- `TRUCK` - Truck
- `BARGE` - Barge
- `MULTIMODAL` - Multimodal",
Leg,transportPlanStage,string,,maxLength=10,,MNC,"A specific stage of transport
- `PRC` - Pre-Carriage Transport
- `MNC` - Main Carriage Transport
- `ONC` - On-Carriage Transport",
Leg,"transportPlanStageSequenceNumber",integer,,,,5,"Sequence number of the transport plan stage",
Leg,vesselVoyage,VesselVoyage,,,,,"Vessel and voyage details of a transport leg",
Limits,flashPoint,number,,,,42.0,"Lowest temperature at which a chemical can vaporize to form an ignitable mixture in air.",
Limits,SADT,number,,,,54.1,"Lowest temperature in which self-accelerating decomposition may occur in a substance",
Limits,SAPT,number,,,,70.0,"Lowest temperature in which self-accelerating polymerization may occur in a substance",
Limits,temperatureUnit,string,,maxLength=10,,CEL,"The unit for **all attributes in the limits structure** in Celsius or Fahrenheit

- `CEL` (Celsius)
- `FAH` (Fahrenheit)",
Limits,"transportControlTemperature",number,,,,24.1,"Maximum temperature at which certain substance (such as organic peroxides and self-reactive and related substances) can be safely transported for a prolonged period.",
Limits,"transportEmergencyTemperature",number,,,,74.1,"Temperature at which emergency procedures shall be implemented",
Location,address,Address,,,,,"Location address",
Location,facility,Facility,,,,,"Facility identified by a code as defined by a code list provider.",
Location,facilityTypeCode,string,,maxLength=10,,RAMP,"Code identifying a specific type of facility

- `BORD` - Border
- `CLOC` - Customer location
- `COFS` - Container freight station
- `OFFD` - Off-dock storage
- `DEPO` - Depot
- `INTE` - Inland terminal
- `POTE` - Port terminal
- `RAMP` - Ramp
- `WAYP` - Waypoint",
Location,geoCoordinate,GeoCoordinate,,,,,"An object used to express a location using `latitude` and `longitude`.",
Location,locationName,string,,maxLength=100,,"Port of Amsterdam","The name of the location.",
Location,UNLocationCode,string,,maxLength=5,,NLAMS,"The UN Location code specifying where the place is located. The pattern used must be

- 2 characters for the country code using [ISO 3166-1 alpha-2](https://www.iso.org/obp/ui/#iso:pub:PUB500001:en)
- 3 characters to code a location within that country. Letters A-Z and numbers from 2-9 can be used

More info can be found here: [UN/LOCODE](https://unece.org/trade/cefact/UNLOCODE-Download)",
NationalCommodityCode,countryCode,string,,maxLength=2,,BR,"The 2 characters for the country code using [ISO 3166-1 alpha-2](https://www.iso.org/obp/ui/#iso:pub:PUB500001:en)",
NationalCommodityCode,type,string,,maxLength=10,,NCM,"The national commodity classification code, which can be one of the following values defined by DCSA:
- `NCM` (Nomenclatura Comum do Mercosul)
- `HTS` (Harmonized Tariff Schedule)
- `SCHEDULE_B` ( Schedule B)
- `TARIC` (Integrated Tariff of the European Communities)
- `CN` (Combined Nomenclature)
- `CUS` (Customs Union and Statistics)",
NationalCommodityCode,values,"string list",,maxLength=10,,,"A list of `national commodity codes` values.
Item description:
The value of the `National Commodity Code`",
OuterPackaging,dangerousGoods,"DangerousGoods list",,,,,"A list of `Dangerous Goods`",
OuterPackaging,description,string,,maxLength=100,,"Drum, steel","Description of the outer packaging/overpack.",
OuterPackaging,IMOPackagingCode,string,,maxLength=5,,1A2,"The code of the packaging as per IMO.",
OuterPackaging,numberOfPackages,integer,,,,18,"Specifies the number of outer packagings/overpacks associated with this `Cargo Item`.",
OuterPackaging,packageCode,string,,maxLength=2,,5H,"A code identifying the outer packaging/overpack. `PackageCode` must follow the codes specified in [Recommendation N°21](https://unece.org/trade/uncefact/cl-recommendations)",
OuterPackaging,woodDeclaration,string,,maxLength=30,,TREATED_AND_CERTIFIED,"Property to clearly indicate if the products, packaging and any other items are made of wood. Possible values include:
- `NOT_APPLICABLE` (if no wood or any other wood product such as packaging and supports are being shipped)
- `NOT_TREATED_AND_NOT_CERTIFIED` (if the wood or wooden materials have not been treated nor fumigated and do not include a certificate)
- `PROCESSED` (if the wood or wooden materials are entirely made of processed wood, such as plywood, particle board, sliver plates of wood and wood laminate sheets produced using glue, heat, pressure or a combination of these)
- `TREATED_AND_CERTIFIED` (if the wood or wooden materials have been treated and/or fumigated and include a certificate)",
PartyContactDetail,email,string,,maxLength=255,,jane.doe@example.com,"Contact email address",
PartyContactDetail,name,string,,maxLength=255,,"Jane Doe","Contact name",
PartyContactDetail,phone,string,,maxLength=30,,"+14155552671","Contact phone number, including an international phone number format
as defined in the [ITU-T recommendation E.123](https://www.itu.int/rec/T-REC-E.123/en).",
PaymentRemittance,accountNumber,string,,maxLength=40,,NL99ABNA0123456789,"Bank account number for receiving payment",
PaymentRemittance,bankName,string,,maxLength=100,,"Example Bank","Name of the carrier's bank where payment should be sent",
PaymentRemittance,beneficiary,string,,maxLength=100,,"Example Carrier","Legal name of the payment recipient (carrier)",
PaymentRemittance,remittanceEmail,string,,maxLength=100,,carrier@example.com,"Email address where proof of payment remittance should be sent",
PaymentRemittance,SWIFTCode,string,,maxLength=11,,ABNANL2A,"SWIFT/BIC code for international wire transfers",
PickupInformation,pickupLocation,Location,,,,,"The equipment handling facility where container is to be picked up by the consignee or the appointed logistics partner.",
PickupInformation,pickupNumber,string,,maxLength=50,,780379,"A pickup number is a generated number assigned to each import container individually.
A trucker picking up a container must present the correct pickup number.
If the pickup number is incorrect, the trucker will have his pickup request denied.",
"PostArrivalNoticeNotificationsRequest","arrivalNoticeNotifications","ArrivalNoticeNotification list",,,,,"List of Arrival Notice lightweight notifications.",
PostArrivalNoticesError,feedbackElements,"FeedbackElement list",,,,,"Feedback elements indicating why request could not be processed.

At least one feedback element of severity `ERROR` is expected.
Lower severity feedback elements may also be included.

When sent in response to a request that contains an array of arrival notice (notification) objects,
the order of the `feedbackElements` is not related to the list of request objects.
Instead, the relevant request object is indicated by the `propertyPath` of each `FeedbackElement`.",
"PostArrivalNoticesRequest",arrivalNotices,"ArrivalNotice list",,,,,"List of arrival notices.",
"PostArrivalNoticesResponse",feedbackElements,"FeedbackElement list",,,,,"Optional list of feedback elements indicating how the request was processed.

There can be zero, one or more feedback elements per arrival notice (notification) in the request.
The order of `feedbackElements` is not related to the order of arrival notice (notification) objects in the request.
Instead, the relevant request object is indicated by the `propertyPath` of each `FeedbackElement`.",
Reference,type,string,,maxLength=3,,CR,"The reference type codes defined by DCSA. Possible values are:
- `CA` (Carrier’s Reference)
- `CR` (Customer’s Reference)
- `AKG` (Vehicle Identification Number)
- `CPR` (Canadian Pacific Railway System)
- `CNR` (Canadian National Railway Unit)
- `VBN` (V-Bond Number)",
Reference,value,string,,maxLength=35,,HHL00103004,"The value of the reference.",
ReferenceConsignmentItem,type,string,,maxLength=3,,CR,"The reference type codes defined by DCSA. Possible values are:
- `CR` (Customer’s Reference)
- `AKG` (Vehicle Identification Number)
- `SPO` (Shipper's Purchase Order)
- `CPO` (Consignee's Purchase Order)",
ReferenceConsignmentItem,values,"string list",,maxLength=35,,,"List of `referenceValues` for a given `referenceType`.
Item description:
The value of the reference.",
ReleaseInformation,"carrierInformationForCargoRelease","PartyContactDetail list",,,,,"The party to contact in relation to the cargo release (e.g. a shipping agency other than the POD carrier agency).",
ReleaseInformation,freightReleaseDate,"string(date)",,,,2025-01-23,"Date when the customer has provided the payment and the relevant documents.",
ReleaseInformation,isCustomsReleased,boolean,,,,false,"Indicates whether the shipment has been cleared by customs.",
ReleaseInformation,isFreightReleased,boolean,,,,false,"Indicates whether the shipment has been ""freight released"", meaning the B/L has been surrendered
and all required freight payments have been received by the carrier.",
ReleaseInformation,isOBLReceived,boolean,,,,false,"Indicates that the Original Bill of Lading (OBL) has been surrendered to the carrier.",
ReleaseInformation,isReleasedByEmail,boolean,,,,false,"Indicates whether the shipment has been released via email.",
ReturnInformation,returnInstructions,string,,maxLength=5000,,"Please place the container...","Instructions for returning the empty equipment.",
ReturnInformation,returnLocation,Location,,,,,"The equipment handling facility where container is to be returned by the consignee or the appointed logistics partner.",
ReturnInformation,turnInReference,string,,maxLength=50,,HLCSTD45,"Code or reference required when returning equipment to the depot.",
Seal,number,string,,maxLength=15,,VET123,"Identifies a seal affixed to the container.",
Seal,source,string,,maxLength=10,,CUS,"The source of the seal, namely who has affixed the seal.
- `CAR` (Carrier)
- `SHI` (Shipper)
- `PHY` (Phytosanitary)
- `VET` (Veterinary)
- `CUS` (Customs)

In [UN/EDIFACT 16A 9303](https://unece.org/fileadmin/DAM/trade/untdid/d16a/tred/tred9303.htm),
both VET (Veterinary) and PHY (Phytosanitary) map to AC (Quarantine agency).",
TaxLegalReference,countryCode,string,,maxLength=2,,IN,"The 2 characters for the country code using [ISO 3166-1 alpha-2](https://www.iso.org/obp/ui/#iso:pub:PUB500001:en)",
TaxLegalReference,type,string,,maxLength=50,,PAN,"The reference type code as defined by the relevant tax and/or legal authority.",
TaxLegalReference,value,string,,maxLength=35,,AAAAA0000A,"The value of the `taxLegalReference`",
Transport,borderCrossingLocation,Location,,,,,"The inland location where the cargo is intended to cross an international border.",
Transport,departureDate,ClassifiedDate,,,,,"The date of departure from the location where the cargo is handed over by the shipper, or his agent,
to the shipping line. This can refer either to the Place of Receipt or the Port of Loading.",
Transport,generalOrderDateTime,ClassifiedDateTime,,,,,"The date and time when the shipment will be placed under General Order status
(shipment is transferred to a bonded warehouse, and additional fees or penalties may apply).",
Transport,inlandArrivalDate,ClassifiedDate,,,,,"The date when the container reaches its inland destination (e.g., a warehouse or rail terminal).",
Transport,legs,"Leg list",,,,,"Full or partial information, considered relevant in this context, on some or all `Legs` of the `Transport`",
Transport,onBoardDate,ClassifiedDate,,,,,"The date when the container was loaded onto the vessel at the port of origin.",
Transport,placeOfDelivery,Location,,,,,"The location where the cargo is handed over to the consignee, or his agent,
by the shipping line and where responsibility of the shipping line ceases.",
Transport,"placeOfDeliveryArrivalDate",ClassifiedDate,,,,,"The date of arrival of the shipment at Place of Delivery.",
Transport,placeOfReceipt,Location,,,,,"The location where the cargo is handed over by the shipper, or his agent, to the shipping line.
This indicates the point at which the shipping line takes on responsibility for carriage of the container.",
Transport,portOfDischarge,Location,,,,,"The location where the cargo is discharged from the last sea-going vessel.",
Transport,"portOfDischargeArrivalDate",ClassifiedDate,,,,,"The date of arrival of the vessel at the Port of Discharge.",
Transport,portOfLoading,Location,,,,,"The location where the cargo is loaded onto a first sea-going vessel for water transportation.",
Transport,receivedForShipmentDate,ClassifiedDate,,,,,"The date on which the carrier takes possession of all containers under the bill of lading.
For carrier haulage, this is when the carrier collects the last container at the place of receipt.
For merchant haulage, this is when the last container is physically handed over to the terminal.",
"UtilizedTransportEquipment",activeReeferSettings,ActiveReeferSettings,,,,,"Active reefer settings applied to this equipment.",
"UtilizedTransportEquipment",charges,"Charge list",,,,,"A list of `Charges`",
"UtilizedTransportEquipment",customsReferences,"CustomsReference list",,,,,"A list of `Customs references`",
"UtilizedTransportEquipment",equipment,Equipment,,,,,"The container or transport equipment used.",
"UtilizedTransportEquipment",isNonOperatingReefer,boolean,,,,false,"If the equipment is a Reefer Container then setting this attribute will indicate that the container should be treated as a `DRY` container.",
"UtilizedTransportEquipment",isShipperOwned,boolean,,,,true,"Indicates whether the container is shipper owned (SOC).",
"UtilizedTransportEquipment",pickupInformation,PickupInformation,,,,,"Consolidates the information required to pick up the container.",
"UtilizedTransportEquipment",references,"Reference list",,,,,"A list of `References`",
"UtilizedTransportEquipment",returnInformation,ReturnInformation,,,,,"Groups the information regarding empty-equipment return.",
"UtilizedTransportEquipment",seals,"Seal list",,,,,"A list of `Seals`",
"UtilizedTransportEquipment",shippingMarks,"string list",,"maxItems=50
maxLength=35",,,"A list of the `ShippingMarks` applicable to this `UtilizedTransportEquipment`
Item description:
The identifying details of a package or the actual markings that appear on the package(s). This information is provided by the customer.
",
VesselVoyage,callReferenceNumber,string,,maxLength=100,,NLRTM25002178,"A registration number assigned by customs to the vessel before its arrival at Port of Discharge.
It can be used for customs clearance purposes in specific countries (e.g. NL, UK).",
VesselVoyage,"carrierExportVoyageNumber",string,,maxLength=50,,2208N,"Carrier-specific identifier of the export voyage",
VesselVoyage,"carrierImportVoyageNumber",string,,maxLength=50,,2208N,"Carrier-specific identifier of the import voyage",
VesselVoyage,carrierServiceCode,string,,maxLength=11,,FE1,"The carrier-specific code of the service for which the schedule details are published",
VesselVoyage,"universalExportVoyageReference",string,,maxLength=5,,2301W,"Unique identifier of the voyage within a service, assigned by carriers as specified by DCSA.

Carriers assign a Universal Voyage Reference (UVR) to a voyage,
either individually for non-VSA services or jointly for shared services under a VSA or Alliance.

Every Universal Voyage Reference is a 5-character string with the following format:
 * the last 2 digits of the year
 * 2 alphanumeric characters for the sequence number of the voyage
 * 1 character for the initial of the direction/haul (`N`orth, `E`ast, `W`est, `S`outh or `R`oundtrip).",
VesselVoyage,"universalImportVoyageReference",string,,maxLength=5,,2301W,"Unique identifier of the voyage within a service, assigned by carriers as specified by DCSA.

Carriers assign a Universal Voyage Reference (UVR) to a voyage,
either individually for non-VSA services or jointly for shared services under a VSA or Alliance.

Every Universal Voyage Reference is a 5-character string with the following format:
 * the last 2 digits of the year
 * 2 alphanumeric characters for the sequence number of the voyage
 * 1 character for the initial of the direction/haul (`N`orth, `E`ast, `W`est, `S`outh or `R`oundtrip).",
VesselVoyage,"universalServiceReference",string,,maxLength=8,,SR12345A,"Globally unique identifier of a liner service, assigned by carriers as specified by DCSA.

DCSA generates and distributes batches of Universal Service References (USRs)
to member and non-member carriers upon request, for their own use or for their alliances and VSAs.

A carrier can use each of its assigned USRs either in agreement with its partners for a service under a VSA or Alliance,
or independently for one of its own non-VSA, non-Alliance services.

Every Universal Service Reference is an 8-character string with the following format:
 * the prefix ""SR""
 * 5 digits
 * 1 uppercase English letter (A-Z).",
VesselVoyage,vesselCallSign,string,,maxLength=10,,NCVV,"A unique alphanumeric identity that belongs to the vessel
and is assigned by the International Telecommunication Union (ITU).
It consists of a three-letter alphanumeric prefix that indicates nationality,
followed by one to four characters to identify the individual vessel.",
VesselVoyage,vesselFlag,string,,maxLength=2,,NL,"The national flag of the country under which a vessel is registered,
indicated by the 2-character code defined in
[ISO 3166-1 alpha-2](https://www.iso.org/obp/ui/#iso:pub:PUB500001:en).",
VesselVoyage,vesselIMONumber,string,,maxLength=8,,9321483,"The unique reference for a registered vessel, which remains unchanged throughout the entire lifetime of the vessel.
The reference is the International Maritime Organisation (IMO) number, also sometimes known as the Lloyd's register code.",
VesselVoyage,vesselName,string,,maxLength=50,,"King of the Seas","Vessel name",
Volume,unit,string,,maxLength=10,,MTQ,"Measurement unit in which the volume `value` is expressed:
- `FTQ` (Cubic foot)
- `MTQ` (Cubic meter)
- `LTR` (Litre)",
Volume,value,number,,,,2.4,"Volume value expressed in the measurement `unit`",
Weight,unit,string,,maxLength=10,,KGM,"Measurement unit in which the weight `value` is expressed:
- `KGM` (Kilograms)
- `LBR` (Pounds)
- `GRM` (Grams)
- `ONZ` (Ounce)",
Weight,value,number,,,,2.4,"Weight value expressed in the measurement `unit`",
